category,title,views
Music                                                                                               ,Nicky Jam x J. Balvin - X (EQUIS) | Video Oficial | Prod. Afro Bros & Jeon                          ,424538912
Entertainment                                                                                       ,YouTube Rewind: The Shape of 2017 | #YouTubeRewind                                                  ,169884583
People & Blogs                                                                                      ,To Our Daughter                                                                                     ,62338362
Film & Animation                                                                                    ,Selena Gomez - Back To You (Lyric Video)                                                            ,54863912
Howto & Style                                                                                       ,42 HOLY GRAIL HACKS THAT WILL SAVE YOU A FORTUNE                                                    ,54155921
Comedy                                                                                              ,Anitta & J Balvin - Downtown (Official Lyric Video) ft. Lele Pons & Juanpa Zurita                   ,43460605
Science & Technology                                                                                ,Do You Hear Yanny or Laurel? (SOLVED with SCIENCE)                                                  ,42799458
Sports                                                                                              ,Real Life Trick Shots 2 | Dude Perfect                                                              ,29090799
Autos & Vehicles                                                                                    ,Official Ram Trucks Super Bowl Commercial | Icelandic Vikings | We Will Rock You                    ,25244097
Nonprofits & Activism                                                                               ,Suicide: Be Here Tomorrow.                                                                          ,24286474
Travel & Events                                                                                     ,Turkish Airlines - 5 Senses with Dr. Oz                                                             ,23932421
News & Politics                                                                                     ,Aquí mi respuesta a los nuevos ataques del gobierno en mi contra.                                   ,21716633
Gaming                                                                                              ,Yodeling Walmart Kid EDM Remix (OFFICIAL AUDIO) + DOWNLOAD LINK                                     ,18158133
Education                                                                                           ,"पुराने फ़िल्मी गंदे सीन, जिनके आगे नयी फिल्मे भी है फीकी || bollywood double meaning scenes          ",12100921
Movies                                                                                              ,Golak Bugni Bank Te Batua Full Movie (HD) | Harish Verma | Simi Chahal | Superhit Punjabi Movies    ,7398655
Pets & Animals                                                                                      ,野生動物の驚くべき瞬間2018！ライオンモンキーヒョウカンガルー                                                                    ,7220717
Shows                                                                                               ,Пусть говорят - Диана Шурыгина шокирована освобождением Сергея Семенова. Выпуск от 15.01.2018       ,5167531
Trailers                                                                                            ,TRAILER VIDEO                                                                                       ,19845
